t; x; y; theta
63494801.346000; -0.40; 0.00; -30.11
63506559.813000; -0.40; 0.00; -30.11
63523800.315000; -0.40; 0.00; -30.11
63540099.589000; -0.40; 0.00; -30.11
63554578.562000; -0.40; 0.00; -30.11
63570970.200000; -0.40; 0.00; -30.11
63587665.577000; -0.40; 0.00; -30.11
63604264.249000; -0.40; 0.00; -30.11
63618447.976000; -0.40; 0.00; -30.11
63636381.525000; -0.40; 0.00; -30.11
63655712.803000; -0.40; 0.00; -30.11
63668673.433000; -0.40; 0.00; -30.11
63682597.081000; -0.40; 0.00; -30.11
63698550.594000; -0.40; 0.00; -30.11
63714656.050000; -0.40; 0.00; -30.11
63731758.460000; -0.40; 0.00; -30.11
63748531.268000; -0.40; 0.00; -30.11
63762536.777000; -0.40; 0.00; -30.11
63778625.686000; -0.40; 0.00; -30.11
63794610.765000; -0.40; 0.00; -30.11
63811650.501000; -0.40; 0.00; -30.11
63827540.023000; -0.40; 0.00; -30.11
63843141.563000; -0.40; 0.00; -30.11
63859487.074000; -0.40; 0.00; -30.11
63875192.405000; -0.40; 0.00; -30.11
63890957.689000; -0.40; 0.00; -30.11
63908371.200000; -0.40; 0.00; -30.11
63922873.664000; -0.40; 0.00; -30.11
63938665.121000; -0.40; 0.00; -30.11
63954641.773000; -0.40; 0.00; -30.11
63971230.235000; -0.40; 0.00; -30.11
63987485.329000; -0.40; 0.00; -30.11
64005325.707000; -0.40; 0.00; -30.11
64020010.518000; -0.40; 0.00; -30.11
64035369.248000; -0.40; 0.00; -30.11
64054039.830000; -0.40; 0.00; -30.11
64066689.414000; -0.40; 0.00; -30.11
64082707.903000; -0.40; 0.00; -30.11
64099590.246000; -0.40; 0.00; -30.11
64115082.463000; -0.40; 0.00; -30.11
64130493.910000; -0.40; 0.00; -30.11
64148458.873000; -0.40; 0.00; -30.11
64163470.594000; -0.40; 0.00; -30.11
64184500.292000; -0.40; 0.00; -30.11
64198863.448000; -0.40; 0.00; -30.11
64210741.703000; -0.40; 0.00; -30.11
64226497.094000; -0.40; 0.00; -30.11
64244260.548000; -0.40; 0.00; -30.11
64264309.852000; -0.40; 0.00; -30.11
64277553.542000; -0.40; 0.00; -30.11
64300108.343000; -0.40; 0.00; -30.11
64309054.325000; -0.40; 0.00; -30.11
64324044.408000; -0.40; 0.00; -30.11
64339393.252000; -0.40; 0.00; -30.11
64356490.339000; -0.40; 0.00; -30.11
64371145.629000; -0.40; 0.00; -30.11
64386800.832000; -0.40; 0.00; -30.11
64402712.944000; -0.40; 0.00; -30.11
64418873.990000; -0.40; 0.00; -30.11
64434654.810000; -0.40; 0.00; -30.11
64450662.461000; -0.40; 0.00; -30.11
64467663.133000; -0.40; 0.00; -30.11
64483778.953000; -0.40; 0.00; -30.11
64500469.792000; -0.40; 0.00; -30.11
64522293.522000; -0.40; 0.00; -30.11
64548955.216000; -0.40; 0.00; -30.11
64562469.783000; -0.40; 0.00; -30.11
64569890.491000; -0.40; 0.00; -30.11
64581057.477000; -0.40; 0.00; -30.11
64596258.816000; -0.40; 0.00; -30.11
64611417.409000; -0.40; 0.00; -30.11
64626913.990000; -0.40; 0.00; -30.11
64643909.998000; -0.40; 0.00; -30.11
64659246.239000; -0.40; 0.00; -30.11
64675467.013000; -0.40; 0.00; -30.11
64691983.061000; -0.40; 0.00; -30.11
64707153.503000; -0.40; 0.00; -30.11
64724095.383000; -0.40; 0.00; -30.11
64739249.045000; -0.40; 0.00; -30.11
64756086.778000; -0.40; 0.00; -30.11
64771545.538000; -0.40; 0.00; -30.11
64788284.852000; -0.40; 0.00; -30.11
64802680.227000; -0.40; 0.00; -30.11
64820267.645000; -0.40; 0.00; -30.11
64834483.421000; -0.40; 0.00; -30.11
64850488.324000; -0.40; 0.00; -30.11
64866512.179000; -0.40; 0.00; -30.11
64882857.992000; -0.40; 0.00; -30.11
64898871.240000; -0.40; 0.00; -30.11
64916385.196000; -0.40; 0.00; -30.11
64930606.784000; -0.40; 0.00; -30.11
64946633.547000; -0.40; 0.00; -30.11
64962483.920000; -0.40; 0.00; -30.11
64982828.979000; -0.40; 0.00; -30.11
64999083.023000; -0.40; 0.00; -30.11
65011066.370000; -0.40; 0.00; -30.11
65026624.887000; -0.40; 0.00; -30.11
65044777.728000; -0.40; 0.00; -30.11
65060395.379000; -0.40; 0.00; -30.11
65078392.091000; -0.40; 0.00; -30.11
65094587.217000; -0.40; 0.00; -30.11
65107211.541000; -0.40; 0.00; -30.11
65122631.627000; -0.40; 0.00; -30.11
65138488.491000; -0.40; 0.00; -30.11
65154775.753000; -0.40; 0.00; -30.11
65170595.768000; -0.40; 0.00; -30.11
65187697.586000; -0.40; 0.00; -30.11
65204329.797000; -0.40; 0.00; -30.11
65218519.618000; -0.40; 0.00; -30.11
65234828.955000; -0.40; 0.00; -30.11
65251711.097000; -0.40; 0.00; -30.11
65266635.573000; -0.40; 0.00; -30.11
65285008.902000; -0.40; 0.00; -30.11
65300040.008000; -0.40; 0.00; -30.11
65314983.333000; -0.40; 0.00; -30.11
65331180.411000; -0.40; 0.00; -30.11
65348614.458000; -0.40; 0.00; -30.11
65362550.937000; -0.40; 0.00; -30.11
65378770.854000; -0.40; 0.00; -30.11
65394670.777000; -0.40; 0.00; -30.11
65412007.948000; -0.40; 0.00; -30.11
65426985.546000; -0.40; 0.00; -30.11
65442798.384000; -0.40; 0.00; -30.11
65460042.564000; -0.40; 0.00; -30.11
65475645.653000; -0.40; 0.00; -30.11
65492824.669000; -0.40; 0.00; -30.11
65506652.711000; -0.40; 0.00; -30.11
65523497.183000; -0.40; 0.00; -30.11
65540146.505000; -0.40; 0.00; -30.11
65554536.056000; -0.40; 0.00; -30.11
65571228.450000; -0.40; 0.00; -30.11
65588481.110000; -0.40; 0.00; -30.11
65602579.780000; -0.40; 0.00; -30.11
65618905.256000; -0.40; 0.00; -30.11
65637041.922000; -0.40; 0.00; -30.11
65653147.726000; -0.40; 0.00; -30.11
65667890.527000; -0.40; 0.00; -30.11
65683133.667000; -0.40; 0.00; -30.11
65698624.230000; -0.40; 0.00; -30.11
65715418.803000; -0.40; 0.00; -30.11
65731798.316000; -0.40; 0.00; -30.11
65747248.900000; -0.40; 0.00; -30.11
65763084.664000; -0.40; 0.00; -30.11
65779952.574000; -0.40; 0.00; -30.11
65797243.420000; -0.40; 0.00; -30.11
65814414.271000; -0.40; 0.00; -30.11
65828701.361000; -0.40; 0.00; -30.11
65845492.127000; -0.40; 0.00; -30.11
65860110.180000; -0.40; 0.00; -30.11
65875615.832000; -0.40; 0.00; -30.11
65891629.732000; -0.40; 0.00; -30.11
65908516.969000; -0.40; 0.00; -30.11
65925114.080000; -0.40; 0.00; -30.11
65938555.577000; -0.40; 0.00; -30.11
65955839.007000; -0.40; 0.00; -30.11
65971783.368000; -0.40; 0.00; -30.11
65987908.828000; -0.40; 0.00; -30.11
66004325.855000; -0.40; 0.00; -30.11
66018566.521000; -0.40; 0.00; -30.11
66034578.428000; -0.40; 0.00; -30.11
66050547.051000; -0.40; 0.00; -30.11
66068231.254000; -0.40; 0.00; -30.11
66087098.811000; -0.40; 0.00; -30.11
66099853.684000; -0.40; 0.00; -30.11
66116458.099000; -0.40; 0.00; -30.11
66131419.813000; -0.40; 0.00; -30.11
66147222.037000; -0.40; 0.00; -30.11
66164777.325000; -0.40; 0.00; -30.11
66178806.047000; -0.40; 0.00; -30.11
66194575.566000; -0.40; 0.00; -30.11
66210636.411000; -0.40; 0.00; -30.11
66227342.071000; -0.40; 0.00; -30.11
66244228.966000; -0.40; 0.00; -30.11
66269012.125000; -0.40; 0.00; -30.11
66282152.232000; -0.40; 0.00; -30.11
66291458.669000; -0.40; 0.00; -30.11
66306832.025000; -0.40; 0.00; -30.11
66324701.318000; -0.40; 0.00; -30.11
66338733.604000; -0.40; 0.00; -30.11
66355827.353000; -0.40; 0.00; -30.11
66371512.658000; -0.40; 0.00; -30.11
66387811.169000; -0.40; 0.00; -30.11
66402562.950000; -0.40; 0.00; -30.11
66420038.758000; -0.40; 0.00; -30.11
66434727.335000; -0.40; 0.00; -30.11
66450773.147000; -0.40; 0.00; -30.11
66468610.114000; -0.40; 0.00; -30.11
66484105.207000; -0.40; 0.00; -30.11
66499116.262000; -0.40; 0.00; -30.11
66516378.971000; -0.40; 0.00; -30.11
66530972.908000; -0.40; 0.00; -30.11
66548109.179000; -0.40; 0.00; -30.11
66563766.716000; -0.40; 0.00; -30.11
66578638.339000; -0.40; 0.00; -30.11
66594614.080000; -0.40; 0.00; -30.11
66611758.369000; -0.40; 0.00; -30.11
66628204.003000; -0.40; 0.00; -30.11
66642898.112000; -0.40; 0.00; -30.11
66659031.865000; -0.40; 0.00; -30.11
66676442.333000; -0.40; 0.00; -30.11
66692942.201000; -0.40; 0.00; -30.11
66706726.519000; -0.40; 0.00; -30.11
66724877.619000; -0.40; 0.00; -30.11
66740046.465000; -0.40; 0.00; -30.11
66755845.683000; -0.40; 0.00; -30.11
66770917.212000; -0.40; 0.00; -30.11
66788833.680000; -0.40; 0.00; -30.11
66802596.622000; -0.40; 0.00; -30.11
66818744.212000; -0.40; 0.00; -30.11
66834528.326000; -0.40; 0.00; -30.11
66850625.669000; -0.40; 0.00; -30.11
66869205.592000; -0.40; 0.00; -30.11
66883301.495000; -0.40; 0.00; -30.11
66898846.842000; -0.40; 0.00; -30.11
66914565.746000; -0.40; 0.00; -30.11
66932195.948000; -0.40; 0.00; -30.11
66947904.186000; -0.40; 0.00; -30.11
66963378.831000; -0.40; 0.00; -30.11
66985148.991000; -0.40; 0.00; -30.11
66994472.530000; -0.40; 0.00; -30.11
67010538.688000; -0.40; 0.00; -30.11
67028330.936000; -0.40; 0.00; -30.11
67043857.644000; -0.40; 0.00; -30.11
67064244.024000; -0.40; 0.00; -30.11
67076890.568000; -0.40; 0.00; -30.11
67090982.236000; -0.40; 0.00; -30.11
67111215.899000; -0.40; 0.00; -30.11
67123004.047000; -0.40; 0.00; -30.11
67140402.540000; -0.40; 0.00; -30.11
67155040.977000; -0.40; 0.00; -30.11
67170834.995000; -0.40; 0.00; -30.11
67188398.693000; -0.40; 0.00; -30.11
67202601.060000; -0.40; 0.00; -30.11
67218855.770000; -0.40; 0.00; -30.11
67236758.924000; -0.40; 0.00; -30.11
67251499.442000; -0.40; 0.00; -30.11
67273394.272000; -0.40; 0.00; -30.11
67282834.695000; -0.40; 0.00; -30.11
67298617.131000; -0.40; 0.00; -30.11
67314957.766000; -0.40; 0.00; -30.11
67331726.988000; -0.40; 0.00; -30.11
67349736.780000; -0.40; 0.00; -30.11
67362502.604000; -0.40; 0.00; -30.11
67378548.296000; -0.40; 0.00; -30.11
67394585.603000; -0.40; 0.00; -30.11
67410668.807000; -0.40; 0.00; -30.11
67429038.239000; -0.40; 0.00; -30.11
67448378.890000; -0.40; 0.00; -30.11
67458649.512000; -0.40; 0.00; -30.11
67475097.262000; -0.40; 0.00; -30.11
67490930.924000; -0.40; 0.00; -30.11
67507157.314000; -0.40; 0.00; -30.11
67523117.499000; -0.40; 0.00; -30.11
67539885.013000; -0.40; 0.00; -30.11
67554468.512000; -0.40; 0.00; -30.11
67571558.595000; -0.40; 0.00; -30.11
67587447.853000; -0.40; 0.00; -30.11
67604241.695000; -0.40; 0.00; -30.11
67618558.349000; -0.40; 0.00; -30.11
67634611.078000; -0.40; 0.00; -30.11
67653563.215000; -0.40; 0.00; -30.11
67667630.105000; -0.40; 0.00; -30.11
67684357.193000; -0.40; 0.00; -30.11
67699425.310000; -0.40; 0.00; -30.11
67714475.529000; -0.40; 0.00; -30.11
67730546.007000; -0.40; 0.00; -30.11
67748737.764000; -0.40; 0.00; -30.11
67764635.049000; -0.40; 0.00; -30.11
67779708.499000; -0.40; 0.00; -30.11
67796057.629000; -0.40; 0.00; -30.11
67810753.543000; -0.40; 0.00; -30.11
67830726.350000; -0.40; 0.00; -30.11
67843397.733000; -0.40; 0.00; -30.11
67860945.079000; -0.40; 0.00; -30.11
67880532.068000; -0.40; 0.00; -30.11
67890617.892000; -0.40; 0.00; -30.11
67906622.219000; -0.40; 0.00; -30.11
67926825.584000; -0.40; 0.00; -30.11
67940097.843000; -0.40; 0.00; -30.11
67957432.635000; -0.40; 0.00; -30.11
67981396.778000; -0.40; 0.00; -30.11
67992340.510000; -0.40; 0.00; -30.11
68003660.710000; -0.40; 0.00; -30.11
68020371.196000; -0.40; 0.00; -30.11
68034621.230000; -0.40; 0.00; -30.11
68053372.090000; -0.40; 0.00; -30.11
68073078.179000; -0.40; 0.00; -30.11
68084233.354000; -0.40; 0.00; -30.11
68098996.509000; -0.40; 0.00; -30.11
68114528.779000; -0.40; 0.00; -30.11
68130836.214000; -0.40; 0.00; -30.11
68149407.021000; -0.40; 0.00; -30.11
68164349.918000; -0.40; 0.00; -30.11
68179777.098000; -0.40; 0.00; -30.11
68195241.098000; -0.40; 0.00; -30.11
68210823.841000; -0.40; 0.00; -30.11
68227314.188000; -0.40; 0.00; -30.11
68245578.346000; -0.40; 0.00; -30.11
68261907.738000; -0.40; 0.00; -30.11
68274834.815000; -0.40; 0.00; -30.11
68292662.466000; -0.40; 0.00; -30.11
68309851.298000; -0.40; 0.00; -30.11
68332342.365000; -0.40; 0.00; -30.11
68341390.819000; -0.40; 0.00; -30.11
68354744.414000; -0.40; 0.00; -30.11
68370639.565000; -0.40; 0.00; -30.11
68386478.968000; -0.40; 0.00; -30.11
68403444.002000; -0.40; 0.00; -30.11
68419787.776000; -0.40; 0.00; -30.11
68434795.590000; -0.40; 0.00; -30.11
68452915.794000; -0.40; 0.00; -30.11
68466491.775000; -0.40; 0.00; -30.11
68482575.691000; -0.40; 0.00; -30.11
68499078.237000; -0.40; 0.00; -30.11
68514930.774000; -0.40; 0.00; -30.11
68531585.136000; -0.40; 0.00; -30.11
68547843.845000; -0.40; 0.00; -30.11
68562474.586000; -0.40; 0.00; -30.11
68578826.571000; -0.40; 0.00; -30.11
68595908.632000; -0.40; 0.00; -30.11
68611760.559000; -0.40; 0.00; -30.11
68626513.798000; -0.40; 0.00; -30.11
68643158.086000; -0.40; 0.00; -30.11
68659663.891000; -0.40; 0.00; -30.11
68675287.304000; -0.40; 0.00; -30.11
68693041.102000; -0.40; 0.00; -30.11
68708747.012000; -0.40; 0.00; -30.11
68722914.551000; -0.40; 0.00; -30.11
68739028.696000; -0.40; 0.00; -30.11
68754652.228000; -0.40; 0.00; -30.11
68770993.068000; -0.40; 0.00; -30.11
68786592.964000; -0.40; 0.00; -30.11
68802729.973000; -0.40; 0.00; -30.11
68818623.269000; -0.40; 0.00; -30.11
68836910.866000; -0.40; 0.00; -30.11
68851164.061000; -0.40; 0.00; -30.11
68868372.127000; -0.40; 0.00; -30.11
68882537.272000; -0.40; 0.00; -30.11
68899741.052000; -0.40; 0.00; -30.11
68914635.395000; -0.40; 0.00; -30.11
68930857.553000; -0.40; 0.00; -30.11
68946582.076000; -0.40; 0.00; -30.11
68962763.466000; -0.40; 0.00; -30.11
68980870.481000; -0.40; 0.00; -30.11
68995936.035000; -0.40; 0.00; -30.11
69013149.540000; -0.40; 0.00; -30.11
69028238.063000; -0.40; 0.00; -30.11
69048702.370000; -0.40; 0.00; -30.11
69067256.462000; -0.40; 0.00; -30.11
69080505.424000; -0.40; 0.00; -30.11
69093365.009000; -0.40; 0.00; -30.11
69108903.915000; -0.40; 0.00; -30.11
69123065.844000; -0.40; 0.00; -30.11
69142200.877000; -0.40; 0.00; -30.11
69154479.996000; -0.40; 0.00; -30.11
69170842.770000; -0.40; 0.00; -30.11
69186697.403000; -0.40; 0.00; -30.11
69204295.262000; -0.40; 0.00; -30.11
69220575.084000; -0.40; 0.00; -30.11
69234756.857000; -0.40; 0.00; -30.11
69250588.297000; -0.40; 0.00; -30.11
69267737.979000; -0.40; 0.00; -30.11
69284025.201000; -0.40; 0.00; -30.11
69298691.995000; -0.40; 0.00; -30.11
69314801.622000; -0.40; 0.00; -30.11
69331075.168000; -0.40; 0.00; -30.11
69347921.521000; -0.40; 0.00; -30.11
69362620.610000; -0.40; 0.00; -30.11
69378591.521000; -0.40; 0.00; -30.11
69397192.214000; -0.40; 0.00; -30.11
69413311.045000; -0.40; 0.00; -30.11
69426491.635000; -0.40; 0.00; -30.11
69444934.150000; -0.40; 0.00; -30.11
69459080.750000; -0.40; 0.00; -30.11
69476193.275000; -0.40; 0.00; -30.11
69491528.212000; -0.40; 0.00; -30.11
69512310.178000; -0.40; 0.00; -30.11
69522537.732000; -0.40; 0.00; -30.11
69539893.042000; -0.40; 0.00; -30.11
69555231.318000; -0.40; 0.00; -30.11
69571194.424000; -0.40; 0.00; -30.11
69594396.782000; -0.40; 0.00; -30.11
69603582.637000; -0.40; 0.00; -30.11
69619245.589000; -0.40; 0.00; -30.11
69635899.241000; -0.40; 0.00; -30.11
69651914.004000; -0.40; 0.00; -30.11
69666998.513000; -0.40; 0.00; -30.11
69682812.145000; -0.40; 0.00; -30.11
69698925.135000; -0.40; 0.00; -30.11
69715107.046000; -0.40; 0.00; -30.11
69731765.007000; -0.40; 0.00; -30.11
69749555.251000; -0.40; 0.00; -30.11
69763599.045000; -0.40; 0.00; -30.11
69779217.162000; -0.40; 0.00; -30.11
69794636.858000; -0.40; 0.00; -30.11
69811836.268000; -0.40; 0.00; -30.11
69826688.809000; -0.40; 0.00; -30.11
69844171.395000; -0.40; 0.00; -30.11
69860362.280000; -0.40; 0.00; -30.11
69877402.093000; -0.40; 0.00; -30.11
69892608.349000; -0.40; 0.00; -30.11
69908721.109000; -0.40; 0.00; -30.11
69925263.821000; -0.40; 0.00; -30.11
69940479.644000; -0.40; 0.00; -30.11
69954966.389000; -0.40; 0.00; -30.11
69970697.294000; -0.40; 0.00; -30.11
69987077.375000; -0.40; 0.00; -30.11
70004021.129000; -0.40; 0.00; -30.11
70020946.036000; -0.40; 0.00; -30.11
70035153.460000; -0.40; 0.00; -30.11
70050486.050000; -0.40; 0.00; -30.11
70067109.329000; -0.40; 0.00; -30.11
70082769.264000; -0.40; 0.00; -30.11
70100723.819000; -0.40; 0.00; -30.11
70115110.161000; -0.40; 0.00; -30.11
70132341.627000; -0.40; 0.00; -30.11
70148671.252000; -0.40; 0.00; -30.11
70164314.535000; -0.40; 0.00; -30.11
70178944.198000; -0.40; 0.00; -30.11
70195028.690000; -0.40; 0.00; -30.11
70210712.844000; -0.40; 0.00; -30.11
70227390.538000; -0.40; 0.00; -30.11
70242744.499000; -0.40; 0.00; -30.11
70261299.247000; -0.40; 0.00; -30.11
70277641.485000; -0.40; 0.00; -30.11
70295811.341000; -0.40; 0.00; -30.11
70316943.627000; -0.40; 0.00; -30.11
70328587.688000; -0.40; 0.00; -30.11
70339390.228000; -0.40; 0.00; -30.11
70355250.659000; -0.40; 0.00; -30.11
70370583.690000; -0.40; 0.00; -30.11
70387614.607000; -0.40; 0.00; -30.11
70402943.817000; -0.40; 0.00; -30.11
70420470.351000; -0.40; 0.00; -30.11
70435991.082000; -0.40; 0.00; -30.11
70453622.618000; -0.40; 0.00; -30.11
70467830.233000; -0.40; 0.00; -30.11
70482798.610000; -0.40; 0.00; -30.11
70499902.541000; -0.40; 0.00; -30.11
70514479.190000; -0.40; 0.00; -30.11
70530485.698000; -0.40; 0.00; -30.11
70546712.447000; -0.40; 0.00; -30.11
70562623.460000; -0.40; 0.00; -30.11
70579628.267000; -0.40; 0.00; -30.11
70594517.916000; -0.40; 0.00; -30.11
70610557.074000; -0.40; 0.00; -30.11
70628876.636000; -0.40; 0.00; -30.11
70645750.512000; -0.40; 0.00; -30.11
70659889.490000; -0.40; 0.00; -30.11
70676398.065000; -0.40; 0.00; -30.11
70691442.086000; -0.40; 0.00; -30.11
70706693.067000; -0.40; 0.00; -30.11
70722806.856000; -0.40; 0.00; -30.11
70738768.372000; -0.40; 0.00; -30.11
70758518.547000; -0.40; 0.00; -30.11
70771249.310000; -0.40; 0.00; -30.11
70788307.138000; -0.40; 0.00; -30.11
70803588.871000; -0.40; 0.00; -30.11
70820336.213000; -0.40; 0.00; -30.11
70835230.220000; -0.40; 0.00; -30.11
70855457.358000; -0.40; 0.00; -30.11
70867597.597000; -0.40; 0.00; -30.11
70884357.678000; -0.40; 0.00; -30.11
70898487.383000; -0.40; 0.00; -30.11
70914459.368000; -0.40; 0.00; -30.11
70931011.597000; -0.40; 0.00; -30.11
70946828.009000; -0.40; 0.00; -30.11
70962559.350000; -0.40; 0.00; -30.11
70978583.135000; -0.40; 0.00; -30.11
70994469.171000; -0.40; 0.00; -30.11
71013187.601000; -0.40; 0.00; -30.11
71027068.563000; -0.40; 0.00; -30.11
71044166.072000; -0.40; 0.00; -30.11
71059842.591000; -0.40; 0.00; -30.11
71077949.829000; -0.40; 0.00; -30.11
71090589.329000; -0.40; 0.00; -30.11
71106865.627000; -0.40; 0.00; -30.11
71123790.531000; -0.40; 0.00; -30.11
71140548.691000; -0.40; 0.00; -30.11
71155971.367000; -0.40; 0.00; -30.11
71170626.362000; -0.40; 0.00; -30.11
71188430.952000; -0.40; 0.00; -30.11
71202754.680000; -0.40; 0.00; -30.11
71218609.731000; -0.40; 0.00; -30.11
71234669.302000; -0.40; 0.00; -30.11
71250661.485000; -0.40; 0.00; -30.11
71275487.222000; -0.40; 0.00; -30.11
71294505.299000; -0.40; 0.00; -30.11
71304885.321000; -0.40; 0.00; -30.11
71316819.185000; -0.40; 0.00; -30.11
71331620.107000; -0.40; 0.00; -30.11
71347089.314000; -0.40; 0.00; -30.11
71362655.701000; -0.40; 0.00; -30.11
71378608.834000; -0.40; 0.00; -30.11
71395144.898000; -0.40; 0.00; -30.11
71412946.642000; -0.40; 0.00; -30.11
71427748.886000; -0.40; 0.00; -30.11
71445067.830000; -0.40; 0.00; -30.11
71460558.079000; -0.40; 0.00; -30.11
71474777.725000; -0.40; 0.00; -30.11
71492989.724000; -0.40; 0.00; -30.11
71506961.564000; -0.40; 0.00; -30.11
71522649.822000; -0.40; 0.00; -30.11
71539765.341000; -0.40; 0.00; -30.11
71554632.684000; -0.40; 0.00; -30.11
71570884.317000; -0.40; 0.00; -30.11
71595235.448000; -0.40; 0.00; -30.11
71603287.989000; -0.40; 0.00; -30.11
71627260.934000; -0.40; 0.00; -30.11
71635080.507000; -0.40; 0.00; -30.11
71652529.214000; -0.40; 0.00; -30.11
71672220.347000; -0.40; 0.00; -30.11
71686044.518000; -0.40; 0.00; -30.11
71698496.028000; -0.40; 0.00; -30.11
71714675.486000; -0.40; 0.00; -30.11
71730648.122000; -0.40; 0.00; -30.11
71746732.597000; -0.40; 0.00; -30.11
71765917.709000; -0.40; 0.00; -30.11
71778500.713000; -0.40; 0.00; -30.11
71794558.373000; -0.40; 0.00; -30.11
71810720.110000; -0.40; 0.00; -30.11
71828249.980000; -0.40; 0.00; -30.11
71843327.757000; -0.40; 0.00; -30.11
71859429.185000; -0.40; 0.00; -30.11
71874837.863000; -0.40; 0.00; -30.11
71892973.965000; -0.40; 0.00; -30.11
71908280.263000; -0.40; 0.00; -30.11
71922899.188000; -0.40; 0.00; -30.11
71940689.189000; -0.40; 0.00; -30.11
71955471.681000; -0.40; 0.00; -30.11
71970621.005000; -0.40; 0.00; -30.11
71989420.506000; -0.40; 0.00; -30.11
72003288.064000; -0.40; 0.00; -30.11
72021081.556000; -0.40; 0.00; -30.11
72034593.227000; -0.40; 0.00; -30.11
72052490.756000; -0.40; 0.00; -30.11
72068553.494000; -0.40; 0.00; -30.11
72082726.573000; -0.40; 0.00; -30.11
72100148.563000; -0.40; 0.00; -30.11
72116425.991000; -0.40; 0.00; -30.11
72130485.544000; -0.40; 0.00; -30.11
72146623.680000; -0.40; 0.00; -30.11
72162544.038000; -0.40; 0.00; -30.11
72178604.646000; -0.40; 0.00; -30.11
72195179.291000; -0.40; 0.00; -30.11
72212541.811000; -0.40; 0.00; -30.11
72226582.901000; -0.40; 0.00; -30.11
72244219.678000; -0.40; 0.00; -30.11
72265165.104000; -0.40; 0.00; -30.11
72275203.694000; -0.40; 0.00; -30.11
72291081.151000; -0.40; 0.00; -30.11
72307183.369000; -0.40; 0.00; -30.11
72323219.621000; -0.40; 0.00; -30.11
72338647.862000; -0.40; 0.00; -30.11
72355137.843000; -0.40; 0.00; -30.11
72371756.805000; -0.40; 0.00; -30.11
72386741.086000; -0.40; 0.00; -30.11
72404014.294000; -0.40; 0.00; -30.11
72420059.128000; -0.40; 0.00; -30.11
72436282.433000; -0.40; 0.00; -30.11
72452847.462000; -0.40; 0.00; -30.11
72467672.271000; -0.40; 0.00; -30.11
72482765.687000; -0.40; 0.00; -30.11
72500059.492000; -0.40; 0.00; -30.11
72514878.700000; -0.40; 0.00; -30.11
72530705.489000; -0.40; 0.00; -30.11
72547751.497000; -0.40; 0.00; -30.11
72565589.081000; -0.40; 0.00; -30.11
72578951.003000; -0.40; 0.00; -30.11
72594618.222000; -0.40; 0.00; -30.11
72610501.727000; -0.40; 0.00; -30.11
72626767.703000; -0.40; 0.00; -30.11
72643544.074000; -0.40; 0.00; -30.11
72658739.483000; -0.40; 0.00; -30.11
72675187.405000; -0.40; 0.00; -30.11
72691637.309000; -0.40; 0.00; -30.11
72706478.754000; -0.40; 0.00; -30.11
72722829.055000; -0.40; 0.00; -30.11
72738792.784000; -0.40; 0.00; -30.11
72755447.180000; -0.40; 0.00; -30.11
72771466.460000; -0.40; 0.00; -30.11
72787806.802000; -0.40; 0.00; -30.11
72802531.687000; -0.40; 0.00; -30.11
72820503.156000; -0.40; 0.00; -30.11
72834661.649000; -0.40; 0.00; -30.11
72851113.620000; -0.40; 0.00; -30.11
72867149.561000; -0.40; 0.00; -30.11
72884820.340000; -0.40; 0.00; -30.11
72900574.893000; -0.40; 0.00; -30.11
72914651.165000; -0.40; 0.00; -30.11
72930598.034000; -0.40; 0.00; -30.11
72946564.720000; -0.40; 0.00; -30.11
72962703.188000; -0.40; 0.00; -30.11
72993026.791000; -0.40; 0.00; -29.55
73008085.097000; -0.40; 0.00; -28.13
73020775.933000; -0.40; 0.00; -27.13
73029712.679000; -0.40; 0.00; -26.43
73044699.937000; -0.40; 0.00; -25.21
73059030.448000; -0.40; 0.00; -24.06
73080072.406000; -0.40; 0.00; -22.40
73096346.015000; -0.40; 0.00; -21.11
73113206.548000; -0.40; 0.00; -19.87
73126197.743000; -0.40; 0.00; -18.80
73138510.926000; -0.40; 0.00; -17.83
73154649.153000; -0.40; 0.00; -16.52
73172181.928000; -0.40; 0.00; -15.11
73187439.715000; -0.40; 0.00; -13.99
73205710.642000; -0.40; 0.00; -12.45
73221462.209000; -0.40; 0.00; -11.26
73234558.552000; -0.40; 0.00; -10.25
73252473.712000; -0.40; 0.00; -8.74
73281301.974000; -0.40; 0.00; -6.44
73298895.906000; -0.40; 0.00; -5.05
73306495.422000; -0.40; 0.00; -4.49
73316106.774000; -0.40; 0.00; -3.75
73333002.729000; -0.40; 0.00; -2.35
73346874.710000; -0.40; 0.00; -1.28
73363187.369000; -0.40; 0.00; -0.07
73382577.833000; -0.40; 0.00; 1.56
73394541.489000; -0.40; 0.00; 2.47
73410514.171000; -0.40; 0.00; 3.72
73426619.852000; -0.40; 0.00; 5.04
73442924.364000; -0.40; 0.00; 6.23
73459363.502000; -0.40; 0.00; 7.66
73476214.148000; -0.40; 0.00; 9.00
73492191.281000; -0.40; 0.00; 10.27
73506886.648000; -0.40; 0.00; 11.44
73526693.423000; -0.40; 0.00; 12.85
73545920.496000; -0.40; 0.00; 14.52
73561683.766000; -0.40; 0.00; 15.70
73575766.569000; -0.40; 0.00; 16.89
73587886.458000; -0.40; 0.00; 17.85
73603098.238000; -0.40; 0.00; 19.07
73619221.782000; -0.40; 0.00; 20.34
73634882.169000; -0.40; 0.00; 21.50
73650575.921000; -0.40; 0.00; 22.75
73667406.296000; -0.40; 0.00; 24.17
73682584.389000; -0.40; 0.00; 25.34
73698551.672000; -0.40; 0.00; 26.54
73716507.575000; -0.40; 0.00; 28.05
73731116.706000; -0.40; 0.00; 29.19
73748328.006000; -0.40; 0.00; 30.57
73764240.859000; -0.40; 0.00; 31.84
73780982.444000; -0.40; 0.00; 33.13
73796259.154000; -0.40; 0.00; 34.38
73815249.859000; -0.40; 0.00; 35.86
73826766.830000; -0.40; 0.00; 36.68
73842636.451000; -0.40; 0.00; 37.99
73861222.301000; -0.40; 0.00; 39.49
73876804.585000; -0.40; 0.00; 40.76
73892055.597000; -0.40; 0.00; 41.93
73911512.775000; -0.40; 0.00; 43.49
73926496.310000; -0.40; 0.00; 44.64
73938657.937000; -0.40; 0.00; 45.65
73954729.812000; -0.40; 0.00; 46.93
73971830.514000; -0.40; 0.00; 47.97
73989063.102000; -0.40; 0.00; 48.71
74002799.602000; -0.40; 0.00; 49.30
74019841.222000; -0.40; 0.00; 50.03
74035989.381000; -0.40; 0.00; 50.72
74050647.424000; -0.40; 0.00; 51.30
74067276.113000; -0.40; 0.00; 52.01
74083084.972000; -0.40; 0.00; 52.71
74100504.859000; -0.40; 0.00; 53.47
74116085.509000; -0.40; 0.00; 54.14
74130518.806000; -0.40; 0.00; 54.75
74146547.864000; -0.40; 0.00; 55.44
74164889.690000; -0.40; 0.00; 56.23
74178955.330000; -0.40; 0.00; 56.79
74194667.136000; -0.40; 0.00; 57.50
74210541.738000; -0.40; 0.00; 58.15
74226486.207000; -0.40; 0.00; 58.85
74242561.538000; -0.40; 0.00; 59.50
74258735.027000; -0.40; 0.00; 60.21
74281378.780000; -0.40; 0.00; 61.22
74292327.358000; -0.40; 0.00; 61.69
74307945.796000; -0.40; 0.00; 62.35
74323304.680000; -0.40; 0.00; 63.02
74338771.294000; -0.40; 0.00; 63.62
74356277.738000; -0.40; 0.00; 64.42
74370477.068000; -0.40; 0.00; 65.00
74386573.789000; -0.40; 0.00; 65.69
74402529.898000; -0.40; 0.00; 66.38
74419359.423000; -0.40; 0.00; 67.13
74438090.143000; -0.40; 0.00; 67.88
74451461.587000; -0.40; 0.00; 68.37
74466584.128000; -0.40; 0.00; 69.10
74484532.606000; -0.40; 0.00; 69.92
74499206.651000; -0.40; 0.00; 70.55
74515384.536000; -0.40; 0.00; 71.24
74530577.372000; -0.40; 0.00; 71.87
74546514.179000; -0.40; 0.00; 72.55
74564332.591000; -0.40; 0.00; 73.33
74579464.229000; -0.40; 0.00; 73.99
74595131.466000; -0.40; 0.00; 74.65
74611197.277000; -0.40; 0.00; 75.34
74629378.495000; -0.40; 0.00; 76.12
74645026.261000; -0.40; 0.00; 76.79
74661525.145000; -0.40; 0.00; 77.49
74675309.746000; -0.40; 0.00; 78.06
74692024.263000; -0.40; 0.00; 78.71
74708188.334000; -0.40; 0.00; 79.49
74725060.978000; -0.40; 0.00; 80.21
74738561.550000; -0.40; 0.00; 80.74
74755253.112000; -0.40; 0.00; 81.51
74770475.861000; -0.40; 0.00; 82.10
74786794.570000; -0.40; 0.00; 82.85
74804407.946000; -0.40; 0.00; 83.61
74818558.428000; -0.40; 0.00; 84.22
74834501.280000; -0.40; 0.00; 84.86
74850577.836000; -0.40; 0.00; 85.57
74866623.826000; -0.40; 0.00; 86.22
74883057.663000; -0.40; 0.00; 86.98
74900390.695000; -0.40; 0.00; 87.71
74916584.015000; -0.40; 0.00; 88.41
74932064.964000; -0.40; 0.00; 89.07
74947943.666000; -0.40; 0.00; 89.76
74963493.271000; -0.40; 0.00; 90.40
74992245.836000; -0.40; 0.00; 90.78
75004449.189000; -0.40; 0.00; 90.77
75013783.062000; -0.40; 0.00; 90.76
75026558.003000; -0.40; 0.00; 90.76
75042707.099000; -0.40; 0.00; 90.74
75058658.117000; -0.40; 0.00; 90.73
75079974.188000; -0.40; 0.00; 90.71
75091545.223000; -0.40; 0.00; 90.70
75106492.080000; -0.40; 0.00; 90.69
75122704.037000; -0.40; 0.00; 90.68
75138713.140000; -0.40; 0.00; 90.67
75155022.180000; -0.40; 0.00; 90.65
75171948.176000; -0.40; 0.00; 90.64
75187735.097000; -0.40; 0.00; 90.63
75204092.316000; -0.40; 0.00; 90.61
75219198.744000; -0.40; 0.00; 90.60
75234591.269000; -0.40; 0.00; 90.59
75252844.646000; -0.40; 0.00; 90.57
75279134.495000; -0.40; 0.00; 90.55
75287059.806000; -0.40; 0.00; 90.55
75298535.685000; -0.40; 0.00; 90.54
75315860.757000; -0.40; 0.00; 90.52
75330962.947000; -0.40; 0.00; 90.51
75348690.406000; -0.40; 0.00; 90.50
75362511.637000; -0.40; 0.00; 90.49
75378734.058000; -0.40; 0.00; 90.48
75394626.501000; -0.40; 0.00; 90.46
75410587.378000; -0.40; 0.00; 90.45
75426777.825000; -0.40; 0.00; 90.44
75444509.960000; -0.40; 0.00; 90.42
75460081.178000; -0.40; 0.00; 90.41
75476036.849000; -0.40; 0.00; 90.40
75491242.069000; -0.40; 0.00; 90.39
75506597.563000; -0.40; 0.00; 90.37
75522645.513000; -0.40; 0.00; 90.36
75538463.145000; -0.40; 0.00; 90.35
75555730.501000; -0.40; 0.00; 90.33
75571383.250000; -0.40; 0.00; 90.32
75588329.104000; -0.40; 0.00; 90.31
75605683.848000; -0.40; 0.00; 90.30
75630491.533000; -0.40; 0.00; 90.28
75640421.421000; -0.40; 0.00; 90.27
75651646.065000; -0.40; 0.00; 90.26
75666637.818000; -0.40; 0.00; 90.25
75683888.817000; -0.40; 0.00; 90.23
75699871.748000; -0.40; 0.00; 90.22
75716070.157000; -0.40; 0.00; 90.21
75732414.631000; -0.40; 0.00; 90.19
75747027.420000; -0.40; 0.00; 90.18
75762557.118000; -0.40; 0.00; 90.17
75778783.982000; -0.40; 0.00; 90.16
75794811.340000; -0.40; 0.00; 90.15
75811763.025000; -0.40; 0.00; 90.13
75826637.203000; -0.40; 0.00; 90.12
75845159.955000; -0.40; 0.00; 90.11
75861240.489000; -0.40; 0.00; 90.09
75877520.084000; -0.40; 0.00; 90.08
75890846.172000; -0.40; 0.00; 90.07
75907956.973000; -0.40; 0.00; 90.06
75922539.107000; -0.40; 0.00; 90.04
75938627.253000; -0.40; 0.00; 90.03
75954899.297000; -0.40; 0.00; 90.02
75987598.393000; -0.40; 0.00; 89.99
76003181.244000; -0.40; 0.00; 89.98
76019133.275000; -0.40; 0.00; 89.97
76035239.178000; -0.40; 0.00; 89.95
76051391.845000; -0.40; 0.00; 89.94
76069131.057000; -0.40; 0.00; 89.93
76084698.746000; -0.40; 0.00; 89.92
76099571.794000; -0.40; 0.00; 89.90
76115461.352000; -0.40; 0.00; 89.89
76131406.613000; -0.40; 0.00; 89.88
76149350.272000; -0.40; 0.00; 89.86
76163851.431000; -0.40; 0.00; 89.85
76180353.769000; -0.40; 0.00; 89.84
76195200.404000; -0.40; 0.00; 89.83
76211046.630000; -0.40; 0.00; 89.82
76227083.138000; -0.40; 0.00; 89.80
76245734.242000; -0.40; 0.00; 89.79
76268283.045000; -0.40; 0.00; 89.77
76279288.366000; -0.40; 0.00; 89.76
76291802.907000; -0.40; 0.00; 89.75
76308190.463000; -0.40; 0.00; 89.74
76325159.327000; -0.40; 0.00; 89.72
76339365.274000; -0.40; 0.00; 89.71
76355156.924000; -0.40; 0.00; 89.70
76371091.487000; -0.40; 0.00; 89.69
76388325.508000; -0.40; 0.00; 89.67
76403057.540000; -0.40; 0.00; 89.66
76428425.611000; -0.40; 0.00; 89.64
76442370.594000; -0.40; 0.00; 89.63
76451004.254000; -0.40; 0.00; 89.63
76467043.861000; -0.40; 0.00; 89.61
76483146.338000; -0.40; 0.00; 89.60
76499325.896000; -0.40; 0.00; 89.59
76516951.243000; -0.40; 0.00; 89.57
76538557.316000; -0.40; 0.00; 89.56
76551828.892000; -0.40; 0.00; 89.55
76563176.944000; -0.40; 0.00; 89.54
76581643.384000; -0.40; 0.00; 89.52
76595591.439000; -0.40; 0.00; 89.51
76613638.006000; -0.40; 0.00; 89.50
76629269.934000; -0.40; 0.00; 89.48
76644329.825000; -0.40; 0.00; 89.47
76659795.157000; -0.40; 0.00; 89.46
76675719.396000; -0.40; 0.00; 89.45
76691808.054000; -0.40; 0.00; 89.43
76710193.425000; -0.40; 0.00; 89.42
76724785.483000; -0.40; 0.00; 89.41
76739967.545000; -0.40; 0.00; 89.40
76755272.340000; -0.40; 0.00; 89.38
76773226.201000; -0.40; 0.00; 89.37
76787461.453000; -0.40; 0.00; 89.36
76803189.750000; -0.40; 0.00; 89.35
76819112.542000; -0.40; 0.00; 89.33
76835123.033000; -0.40; 0.00; 89.32
76851235.193000; -0.40; 0.00; 89.31
76868234.937000; -0.40; 0.00; 89.29
76883423.774000; -0.40; 0.00; 89.28
76899530.202000; -0.40; 0.00; 89.27
76916228.784000; -0.40; 0.00; 89.26
76933661.502000; -0.40; 0.00; 89.24
76949207.386000; -0.40; 0.00; 89.23
76973266.550000; -0.40; 0.00; 89.22
76986659.364000; -0.40; 0.00; 89.22
76995216.695000; -0.40; 0.00; 89.22
77011095.155000; -0.40; 0.00; 89.22
77030098.395000; -0.40; 0.00; 89.22
77043132.917000; -0.40; 0.00; 89.22
77060465.741000; -0.40; 0.00; 89.22
77075958.266000; -0.40; 0.00; 89.22
77093024.840000; -0.40; 0.00; 89.22
77108466.009000; -0.40; 0.00; 89.22
77123061.245000; -0.40; 0.00; 89.22
77139634.579000; -0.40; 0.00; 89.22
77156727.341000; -0.40; 0.00; 89.22
77172337.175000; -0.40; 0.00; 89.22
77187185.136000; -0.40; 0.00; 89.22
77204630.411000; -0.40; 0.00; 89.22
77220324.595000; -0.40; 0.00; 89.22
77237774.806000; -0.40; 0.00; 89.22
77251531.646000; -0.40; 0.00; 89.22
77269680.770000; -0.40; 0.00; 89.22
77284344.963000; -0.40; 0.00; 89.22
77300968.874000; -0.40; 0.00; 89.22
77315132.054000; -0.40; 0.00; 89.22
77331270.007000; -0.40; 0.00; 89.22
77347370.362000; -0.40; 0.00; 89.22
77363033.154000; -0.40; 0.00; 89.22
77379148.901000; -0.40; 0.00; 89.22
77397443.592000; -0.40; 0.00; 89.22
77411349.967000; -0.40; 0.00; 89.22
77427471.838000; -0.40; 0.00; 89.22
77443759.893000; -0.40; 0.00; 89.22
77460619.015000; -0.40; 0.00; 89.22
77475534.465000; -0.40; 0.00; 89.22
77491757.677000; -0.40; 0.00; 89.22
77507666.250000; -0.40; 0.00; 89.22
77524887.008000; -0.40; 0.00; 89.22
77540712.539000; -0.40; 0.00; 89.22
77557485.478000; -0.40; 0.00; 89.22
77571100.661000; -0.40; 0.00; 89.22
77587965.823000; -0.40; 0.00; 89.22
77605045.056000; -0.40; 0.00; 89.22
77619144.556000; -0.40; 0.00; 89.22
77636292.063000; -0.40; 0.00; 89.22
77652313.920000; -0.40; 0.00; 89.22
77667669.924000; -0.40; 0.00; 89.22
77686274.537000; -0.40; 0.00; 89.22
77700879.882000; -0.40; 0.00; 89.22
77715222.515000; -0.40; 0.00; 89.22
77732629.568000; -0.40; 0.00; 89.22
77748219.583000; -0.40; 0.00; 89.22
77763287.363000; -0.40; 0.00; 89.22
77779399.852000; -0.40; 0.00; 89.22
77795281.030000; -0.40; 0.00; 89.22
77813221.617000; -0.40; 0.00; 89.22
77828285.151000; -0.40; 0.00; 89.22
77844410.250000; -0.40; 0.00; 89.22
77862472.570000; -0.40; 0.00; 89.22
77875688.857000; -0.40; 0.00; 89.22
77891311.039000; -0.40; 0.00; 89.22
77907145.776000; -0.40; 0.00; 89.22
77923252.499000; -0.40; 0.00; 89.22
77940308.823000; -0.40; 0.00; 89.22
